records,features,iterations,parties,preparation_runtime,convergence_runtime,mse,sad,mad,c_index_verticox,c_index_central,comment
1000,6,500,3,6.558018,1208.967584,5.843195763748593e-15,2.1412096021331678e-07,1.8642003293822818e-07,0.44635099913119025,0.44635099913119025,success
1000,6,500,3,6.253831,1186.393619,5.843195763748593e-15,2.1412096021331678e-07,1.8642003293822818e-07,0.44635099913119025,0.44635099913119025,success
1000,6,500,3,6.260839,1193.935024,5.843195763748593e-15,2.1412096021331678e-07,1.8642003293822818e-07,0.44635099913119025,0.44635099913119025,success
10000,6,500,3,6.938388,33016.609664,1.0847150443791975e-13,1.4613231995863618e-06,6.578966448705925e-07,0.6704620814459293,0.6704620814459293,success
10000,6,500,3,6.619931,32328.546593,1.0847150443791975e-13,1.4613231995863618e-06,6.578966448705925e-07,0.6704620814459293,0.6704620814459293,success
10000,6,500,3,6.740185,32387.038903,1.0847150443791975e-13,1.4613231995863618e-06,6.578966448705925e-07,0.6704620814459293,0.6704620814459293,success