num_records,num_features,runtime
20,2,14.36828
20,3,64.334901
20,4,56.137357
20,5,110.449205
20,6,253.504411
40,2,15.885807
40,3,46.922902
40,4,73.900313
40,5,74.033816
40,6,238.702295
60,2,33.545572
60,3,65.104258
60,4,88.823392
60,5,99.182476
60,6,283.855592
100,2,151.061259
100,3,191.346528
100,4,234.048204
100,5,249.050446
100,6,673.049292
200,2,720.177194
200,3,860.903306
200,4,931.804416
200,5,1032.39534
200,6,3228.500519
